Attribute,InfoGain

Maritial_status,0.2812908992306926

Income,0.2812908992306927

Home_loan_refund,0.19163120400671663
