Input,Min-Max Normalized Array,Zscore Normalized Array
5,0.16666666666666666,(-0.6234459002954071+0j)
13,0.6111111111111112,(0.6776585872776163+0j)
4,0.1111111111111111,(-0.7860839612420351+0j)
9,0.3888888888888889,(0.027106343491104558+0j)
2,0.0,(-1.111360083135291+0j)
20,1.0,(1.8161250139040117+0j)
